Department, Division, Tags
Big Blus Bus, ,
Big Blus Bus, Community & Government Engagement,
Big Blus Bus, Finance & Administrative Services,
Big Blus Bus, Transit Maintenance,
Big Blus Bus, Transit Planning & Performance,
Big Blus Bus, Transit Services Department,
City Attorney's Office, , 
City Attorney's Office, Code Enforcement, 
City Attorney's Office, Municipal Law, 
City Clerk, , 
City Council, , 
City Manager's Office, , 
City Manager's Office, Administration, 
City Manager's Office, Office of Communications, 
City Manager's Office, Office of Emergency Management, 
Community & Cultural Services, , 
Community & Cultural Services, Cultural Affairs, 
Community & Cultural Services, Human Services, 
Finance, , 
Finance, Budget Division, 
Finance, Financial Operations, 
Finance, Procurement, 
Finance, Revenue Division, 
Finance, Risk Management Administration, 
Finance, Treasury, 
Fire Department, , 
Housing and Economic Development, , 
Housing and Economic Development, Economic Development Division, 
Housing and Economic Development, Housing Division, 
Housing and Economic Development, Pier Management, 
Human Resources, , 
Information Services, , 
Information Services, Broadband, 
Information Services, Customer Experience and Support, 
Information Services, Infrastructure and Cloud Services, 
Information Services, Web Development, 
Library Services, , 
Planning and Community Development, , 
Planning and Community Development, ARB/Landmarks, 
Planning and Community Development, Building & Safety, 
Planning and Community Development, City Planning, 
Planning and Community Development, Code Enforcement, 
Planning and Community Development, Design & Preservation, 
Planning and Community Development, Development Review, 
Planning and Community Development, Development Services, 
Planning and Community Development, Mobility, 
Planning and Community Development, Parking Operations, 
Planning and Community Development, Planning Commission Agenda, 
Planning and Community Development, Strategic & Transportation Planning, 
Planning and Community Development, Strategic Planning, 
Police Department, , 
Public Works, , 
Public Works, Airport Division, 
Public Works, Architecture Services, 
Public Works, Civil Engineering, 
Public Works, Facilities Maintenance, 
Public Works, Office of Sustainability & Environment, 
Public Works, Public Landscape, 
Public Works, Resource Recovery & Recycling, 
Public Works, Street & Fleet Services, 
Public Works, Water Resources, 